TIME,TARGET_HEADING,CURRENT_HEADING,TAIL_FAN_PW,LEFT_FAN_PW,RIGHT_FAN_PW,HEADING_ERROR
1428,1560,1409,2765,3502,2028,151
1429,1560,1421,2765,2028,3502,139
1430,1560,1437,2765,2028,3502,123
1431,1560,1450,2765,2028,3502,110
1432,1560,1456,2765,2028,3502,104
1433,1560,1470,2765,2028,3502,90
1434,1560,1488,2765,2028,3502,72
1435,1560,1505,2765,2028,3502,55
1436,1560,1522,2765,2028,3502,38
1437,1560,1539,2765,2028,3502,21
1438,1560,1539,2765,3502,2028,21
1440,1560,1581,2765,2028,3502,-21
1441,1560,1599,2765,2028,3502,-39
1442,1560,1611,2765,2028,3502,-51
1443,1560,1630,2765,2028,3502,-70
1444,1560,1649,2765,2028,3502,-89
1445,1560,1666,2765,2028,3502,-106
1446,1560,1688,2765,2028,3502,-128
1447,1560,1708,2765,2028,3502,-148
1448,1560,1708,2765,2028,3502,-148
1449,1560,1726,2765,2028,3502,-166
1450,1560,1741,2765,2028,3502,-181
1451,1560,1758,2765,2028,3502,-198
1452,1560,1776,2765,2028,3502,-216
1453,1560,1796,2765,2028,3502,-236
1454,1560,1811,2765,2028,3502,-251
1455,1560,1822,2765,2028,3502,-262
1456,1560,1837,2765,2028,3502,-277
1457,1560,1850,2765,2028,3502,-290
1458,1560,1850,2765,2028,3502,-290
1459,1560,1859,2765,2028,3502,-299
1460,1560,1866,2765,2028,3502,-306
1461,1560,1873,2765,2028,3502,-313
1462,1560,1878,2765,2028,3502,-318
1463,1560,1874,2765,2028,3502,-314
1464,1560,1874,2765,2028,3502,-314
1465,1560,1873,2765,2028,3502,-313
1466,1560,1868,2765,2028,3502,-308
1467,1560,1864,2765,2028,3502,-304
1468,1560,1864,2765,2028,3502,-304
1469,1560,1855,2765,2028,3502,-295
1470,1560,1843,2765,3502,2028,-283
1471,1560,1831,2765,3502,2028,-271
1472,1560,1814,2765,3502,2028,-254
1473,1560,1799,2765,3502,2028,-239
1474,1560,1777,2765,3502,2028,-217
1475,1560,1754,2765,3502,2028,-194
1476,1560,1735,2765,3502,2028,-175
1477,1560,1707,2765,3502,2028,-147
1478,1560,1707,2765,2028,3502,-147
1479,1560,1681,2765,3502,2028,-121
1480,1560,1664,2765,3502,2028,-104
1481,1560,1644,2765,3502,2028,-84
1482,1560,1621,2765,3502,2028,-61
1483,1560,1601,2765,3502,2028,-41
1484,1560,1579,2765,3502,2028,-19
1485,1560,1557,2765,3502,2028,3
1486,1560,1536,2765,3502,2028,24
1487,1560,1510,2765,3502,2028,50
1488,1560,1510,2765,3502,2028,50
1489,1560,1493,2765,3502,2028,67
1490,1560,1484,2765,3502,2028,76
1491,1560,1472,2765,3502,2028,88
1492,1560,1456,2765,3502,2028,104
1493,1560,1443,2765,3502,2028,117
1494,1560,1430,2765,3502,2028,130
1495,1560,1417,2765,3502,2028,143
1496,1560,1406,2765,3502,2028,154
1497,1560,1398,2765,3502,2028,162
1498,1560,1389,2765,3502,2028,171
1499,1560,1389,2765,3502,2028,171
1500,1560,1381,2765,3502,2028,179
1501,1560,1376,2765,3502,2028,184
1502,1560,1375,2765,3502,2028,185
1503,1560,1378,2765,3502,2028,182
1504,1560,1381,2765,3502,2028,179
1505,1560,1384,2765,3502,2028,176
1506,1560,1389,2765,3502,2028,171
1507,1560,1395,2765,2028,3502,165
1508,1560,1395,2765,3502,2028,165
1509,1560,1395,2765,3502,2028,165
1510,1560,1406,2765,2028,3502,154
1511,1560,1427,2765,2028,3502,133
1512,1560,1435,2765,2028,3502,125
1513,1560,1441,2765,2028,3502,119
1514,1560,1453,2765,2028,3502,107
1515,1560,1468,2765,2028,3502,92
1516,1560,1487,2765,2028,3502,73
1517,1560,1505,2765,2028,3502,55
1518,1560,1522,2765,2028,3502,38
1519,1560,1522,2765,3502,2028,38
1520,1560,1537,2765,2028,3502,23
1521,1560,1562,2765,2028,3502,-2
1522,1560,1582,2765,2028,3502,-22
1523,1560,1597,2765,2028,3502,-37
1524,1560,1614,2765,2028,3502,-54
1525,1560,1630,2765,2028,3502,-70
1526,1560,1653,2765,2028,3502,-93
1527,1560,1672,2765,2028,3502,-112
1528,1560,1690,2765,2028,3502,-130
1529,1560,1690,2765,2028,3502,-130
1530,1560,1709,2765,2028,3502,-149
1531,1560,1730,2765,2028,3502,-170
1532,1560,1754,2765,2028,3502,-194
1533,1560,1773,2765,2028,3502,-213
1534,1560,1791,2765,2028,3502,-231
1535,1560,1808,2765,2028,3502,-248
1536,1560,1823,2765,2028,3502,-263
1537,1560,1838,2765,2028,3502,-278
1538,1560,1853,2765,2028,3502,-293
1539,1560,1853,2765,2028,3502,-293
1540,1560,1864,2765,2028,3502,-304
1541,1560,1872,2765,2028,3502,-312
1542,1560,1879,2765,2028,3502,-319
1543,1560,1883,2765,2028,3502,-323
1544,1560,1886,2765,2028,3502,-326
1545,1560,1886,2765,2028,3502,-326
1546,1560,1885,2765,2028,3502,-325
1547,1560,1881,2765,2028,3502,-321
1548,1560,1874,2765,2028,3502,-314
1549,1560,1874,2765,2028,3502,-314
1550,1560,1867,2765,2028,3502,-307
1551,1560,1856,2765,3502,2028,-296
1552,1560,1844,2765,3502,2028,-284
1553,1560,1831,2765,3502,2028,-271
1554,1560,1815,2765,3502,2028,-255
1555,1560,1795,2765,3502,2028,-235
1556,1560,1772,2765,3502,2028,-212
1557,1560,1750,2765,3502,2028,-190
1558,1560,1727,2765,3502,2028,-167
1559,1560,1727,2765,2028,3502,-167
1560,1560,1704,2765,3502,2028,-144
1561,1560,1682,2765,3502,2028,-122
1562,1560,1665,2765,3502,2028,-105
1563,1560,1641,2765,3502,2028,-81
1564,1560,1615,2765,3502,2028,-55
1565,1560,1596,2765,3502,2028,-36
1566,1560,1578,2765,3502,2028,-18
1567,1560,1558,2765,3502,2028,2
1568,1560,1536,2765,3502,2028,24
1569,1560,1536,2765,3502,2028,24
1570,1560,1519,2765,3502,2028,41
1571,1560,1503,2765,3502,2028,57
1572,1560,1487,2765,3502,2028,73
1573,1560,1478,2765,3502,2028,82
1574,1560,1464,2765,3502,2028,96
1575,1560,1448,2765,3502,2028,112
1576,1560,1432,2765,3502,2028,128
1577,1560,1422,2765,3502,2028,138
1578,1560,1413,2765,3502,2028,147
1579,1560,1413,2765,3502,2028,147
1580,1560,1404,2765,3502,2028,156
1581,1560,1399,2765,3502,2028,161
1582,1560,1395,2765,3502,2028,165
1583,1560,1392,2765,3502,2028,168
1584,1560,1393,2765,3502,2028,167
1585,1560,1396,2765,3502,2028,164
1586,1560,1399,2765,3502,2028,161
1587,1560,1403,2765,3502,2028,157
1588,1560,1408,2765,3502,2028,152
1589,1560,1418,2765,2028,3502,142
1590,1560,1418,2765,3502,2028,142
1591,1560,1425,2765,2028,3502,135
1592,1560,1436,2765,2028,3502,124
1593,1560,1449,2765,2028,3502,111
1594,1560,1457,2765,2028,3502,103
1595,1560,1473,2765,2028,3502,87
1596,1560,1490,2765,2028,3502,70
1597,1560,1505,2765,2028,3502,55
1598,1560,1523,2765,2028,3502,37
1599,1560,1541,2765,2028,3502,19
1600,1560,1541,2765,3502,2028,19
1601,1560,1556,2765,2028,3502,4
1603,1560,1600,2765,2028,3502,-40
1604,1560,1612,2765,2028,3502,-52
1605,1560,1634,2765,2028,3502,-74
1606,1560,1655,2765,2028,3502,-95
1607,1560,1673,2765,2028,3502,-113
1608,1560,1691,2765,2028,3502,-131
1609,1560,1713,2765,2028,3502,-153
1610,1560,1713,2765,2028,3502,-153
1611,1560,1735,2765,2028,3502,-175
1612,1560,1753,2765,2028,3502,-193
1613,1560,1773,2765,2028,3502,-213
1614,1560,1795,2765,2028,3502,-235
1615,1560,1812,2765,2028,3502,-252
1616,1560,1829,2765,2028,3502,-269
1617,1560,1843,2765,2028,3502,-283
1618,1560,1855,2765,2028,3502,-295
1619,1560,1867,2765,2028,3502,-307
1620,1560,1867,2765,2028,3502,-307
1621,1560,1878,2765,2028,3502,-318
1623,1560,1889,2765,2028,3502,-329
1624,1560,1896,2765,2028,3502,-336
1625,1560,1902,2765,2028,3502,-342
1626,1560,1903,2765,2028,3502,-343
1627,1560,1903,2765,2028,3502,-343
1628,1560,1897,2765,2028,3502,-337
1629,1560,1889,2765,2028,3502,-329
1630,1560,1889,2765,2028,3502,-329
1631,1560,1881,2765,2028,3502,-321
1632,1560,1872,2765,2028,3502,-312
1633,1560,1861,2765,3502,2028,-301
1634,1560,1846,2765,3502,2028,-286
1635,1560,1827,2765,3502,2028,-267
1636,1560,1806,2765,3502,2028,-246
1637,1560,1784,2765,3502,2028,-224
1638,1560,1763,2765,3502,2028,-203
1639,1560,1740,2765,3502,2028,-180
1640,1560,1740,2765,2028,3502,-180
1641,1560,1712,2765,3502,2028,-152
1642,1560,1687,2765,3502,2028,-127
1643,1560,1665,2765,3502,2028,-105
1644,1560,1642,2765,3502,2028,-82
1645,1560,1615,2765,3502,2028,-55
1646,1560,1592,2765,3502,2028,-32
1647,1560,1571,2765,3502,2028,-11
1648,1560,1550,2765,3502,2028,10
1649,1560,1528,2765,3502,2028,32
1650,1560,1528,2765,3502,2028,32
1651,1560,1505,2765,3502,2028,55
1652,1560,1485,2765,3502,2028,75
1653,1560,1470,2765,3502,2028,90
1654,1560,1460,2765,3502,2028,100
1655,1560,1443,2765,3502,2028,117
1656,1560,1425,2765,3502,2028,135
1657,1560,1412,2765,3502,2028,148
1658,1560,1398,2765,3502,2028,162
1659,1560,1387,2765,3502,2028,173
1660,1560,1387,2765,3502,2028,173
1661,1560,1378,2765,3502,2028,182
1662,1560,1371,2765,3502,2028,189
1663,1560,1364,2765,3502,2028,196
1664,1560,1360,2765,3502,2028,200
1665,1560,1359,2765,3502,2028,201
1666,1560,1359,2765,3502,2028,201
1667,1560,1361,2765,3502,2028,199
1668,1560,1365,2765,3502,2028,195
1672,1560,1387,2765,2028,3502,173
1673,1560,1390,2765,3502,2028,170
1674,1560,1396,2765,2028,3502,164
1675,1560,1414,2765,2028,3502,146
1676,1560,1427,2765,2028,3502,133
1679,1560,1470,2765,2028,3502,90
1680,1560,1483,2765,2028,3502,77
1681,1560,1483,2765,3502,2028,77
1682,1560,1500,2765,2028,3502,60
1683,1560,1529,2765,2028,3502,31
1687,1560,1594,2765,2028,3502,-34
1688,1560,1616,2765,2028,3502,-56
1689,1560,1641,2765,2028,3502,-81
1690,1560,1661,2765,2028,3502,-101
1691,1560,1661,2765,2028,3502,-101
1692,1560,1679,2765,2028,3502,-119
1693,1560,1699,2765,2028,3502,-139
1694,1560,1722,2765,2028,3502,-162
1695,1560,1744,2765,2028,3502,-184
1696,1560,1766,2765,2028,3502,-206
1697,1560,1786,2765,2028,3502,-226
1698,1560,1801,2765,2028,3502,-241
1699,1560,1817,2765,2028,3502,-257
1700,1560,1830,2765,2028,3502,-270
1701,1560,1830,2765,2028,3502,-270
1702,1560,1839,2765,2028,3502,-279
1703,1560,1847,2765,2028,3502,-287
1704,1560,1856,2765,2028,3502,-296
1705,1560,1863,2765,2028,3502,-303
1706,1560,1866,2765,2028,3502,-306
1707,1560,1865,2765,2028,3502,-305
1708,1560,1862,2765,2028,3502,-302
1709,1560,1860,2765,2028,3502,-300
1712,1560,1846,2765,2028,3502,-286
1713,1560,1835,2765,3502,2028,-275
1714,1560,1823,2765,3502,2028,-263
1715,1560,1811,2765,3502,2028,-251
1716,1560,1791,2765,3502,2028,-231
1717,1560,1772,2765,3502,2028,-212
1718,1560,1754,2765,3502,2028,-194
1719,1560,1731,2765,3502,2028,-171
1720,1560,1708,2765,3502,2028,-148
1721,1560,1708,2765,2028,3502,-148
1722,1560,1686,2765,3502,2028,-126
1723,1560,1664,2765,3502,2028,-104
1724,1560,1644,2765,3502,2028,-84
1725,1560,1625,2765,3502,2028,-65
1726,1560,1606,2765,3502,2028,-46
1727,1560,1584,2765,3502,2028,-24
1728,1560,1564,2765,3502,2028,-4
1729,1560,1544,2765,3502,2028,16
1730,1560,1525,2765,3502,2028,35
1731,1560,1525,2765,3502,2028,35
1732,1560,1506,2765,3502,2028,54
1733,1560,1492,2765,3502,2028,68
1734,1560,1481,2765,3502,2028,79
1735,1560,1471,2765,3502,2028,89
1736,1560,1457,2765,3502,2028,103
1737,1560,1443,2765,3502,2028,117
1738,1560,1429,2765,3502,2028,131
1739,1560,1416,2765,3502,2028,144
1740,1560,1409,2765,3502,2028,151
1741,1560,1409,2765,3502,2028,151
1742,1560,1404,2765,3502,2028,156
1743,1560,1398,2765,3502,2028,162
1744,1560,1393,2765,3502,2028,167
1745,1560,1388,2765,3502,2028,172
1746,1560,1389,2765,3502,2028,171
1747,1560,1395,2765,2028,3502,165
1748,1560,1399,2765,3502,2028,161
1749,1560,1398,2765,3502,2028,162
1750,1560,1402,2765,3502,2028,158
1751,1560,1402,2765,3502,2028,158
1752,1560,1418,2765,2028,3502,142
1753,1560,1427,2765,2028,3502,133
1754,1560,1429,2765,3502,2028,131
1755,1560,1436,2765,2028,3502,124
1756,1560,1454,2765,2028,3502,106
1757,1560,1467,2765,2028,3502,93
1758,1560,1479,2765,2028,3502,81
1759,1560,1496,2765,2028,3502,64
1760,1560,1512,2765,2028,3502,48
1761,1560,1512,2765,3502,2028,48
1762,1560,1526,2765,2028,3502,34
1763,1560,1547,2765,2028,3502,13
1764,1560,1566,2765,2028,3502,-6
1765,1560,1576,2765,2028,3502,-16
1766,1560,1593,2765,2028,3502,-33
1767,1560,1614,2765,2028,3502,-54
1768,1560,1636,2765,2028,3502,-76
1769,1560,1656,2765,2028,3502,-96
1770,1560,1674,2765,2028,3502,-114
1771,1560,1674,2765,2028,3502,-114
1772,1560,1694,2765,2028,3502,-134
1773,1560,1713,2765,2028,3502,-153
1774,1560,1732,2765,2028,3502,-172
1775,1560,1756,2765,2028,3502,-196
1776,1560,1776,2765,2028,3502,-216
1777,1560,1796,2765,2028,3502,-236
1778,1560,1814,2765,2028,3502,-254
1779,1560,1827,2765,2028,3502,-267
1780,1560,1838,2765,2028,3502,-278
1781,1560,1850,2765,2028,3502,-290
1782,1560,1850,2765,2028,3502,-290
1783,1560,1859,2765,2028,3502,-299
1784,1560,1868,2765,2028,3502,-308
1785,1560,1875,2765,2028,3502,-315
1786,1560,1878,2765,2028,3502,-318
1787,1560,1878,2765,2028,3502,-318
1788,1560,1875,2765,2028,3502,-315
1789,1560,1871,2765,2028,3502,-311
1790,1560,1866,2765,2028,3502,-306
1791,1560,1860,2765,2028,3502,-300
1792,1560,1860,2765,2028,3502,-300
1793,1560,1849,2765,3502,2028,-289
1794,1560,1835,2765,3502,2028,-275
1795,1560,1823,2765,3502,2028,-263
1796,1560,1806,2765,3502,2028,-246
1797,1560,1785,2765,3502,2028,-225
1798,1560,1762,2765,3502,2028,-202
1799,1560,1739,2765,3502,2028,-179
1800,1560,1717,2765,3502,2028,-157
1801,1560,1695,2765,3502,2028,-135
1802,1560,1695,2765,2028,3502,-135
1803,1560,1674,2765,3502,2028,-114
1804,1560,1652,2765,3502,2028,-92
1805,1560,1629,2765,3502,2028,-69
1806,1560,1606,2765,3502,2028,-46
1809,1560,1544,2765,3502,2028,16
1810,1560,1525,2765,3502,2028,35
1811,1560,1506,2765,3502,2028,54
1812,1560,1506,2765,3502,2028,54
1813,1560,1487,2765,3502,2028,73
1814,1560,1471,2765,3502,2028,89
1815,1560,1459,2765,3502,2028,101
1816,1560,1448,2765,3502,2028,112
1817,1560,1436,2765,3502,2028,124
1818,1560,1422,2765,3502,2028,138
1819,1560,1409,2765,3502,2028,151
1820,1560,1399,2765,3502,2028,161
1821,1560,1391,2765,3502,2028,169
1822,1560,1391,2765,3502,2028,169
1823,1560,1383,2765,3502,2028,177
1824,1560,1378,2765,3502,2028,182
1825,1560,1373,2765,3502,2028,187
1826,1560,1373,2765,3502,2028,187
1827,1560,1375,2765,3502,2028,185
1828,1560,1376,2765,3502,2028,184
1829,1560,1380,2765,3502,2028,180
1830,1560,1386,2765,2028,3502,174
1831,1560,1394,2765,2028,3502,166
1832,1560,1394,2765,3502,2028,166
1833,1560,1398,2765,3502,2028,162
1834,1560,1410,2765,2028,3502,150
1835,1560,1425,2765,2028,3502,135
1836,1560,1432,2765,2028,3502,128
1837,1560,1439,2765,2028,3502,121
1838,1560,1448,2765,2028,3502,112
1839,1560,1464,2765,2028,3502,96
1840,1560,1484,2765,2028,3502,76
1841,1560,1498,2765,2028,3502,62
1842,1560,1498,2765,3502,2028,62
1843,1560,1510,2765,2028,3502,50
1844,1560,1532,2765,2028,3502,28
1845,1560,1548,2765,2028,3502,12
1846,1560,1557,2765,2028,3502,3
1847,1560,1574,2765,2028,3502,-14
1848,1560,1591,2765,2028,3502,-31
1849,1560,1611,2765,2028,3502,-51
1850,1560,1630,2765,2028,3502,-70
1851,1560,1647,2765,2028,3502,-87
1852,1560,1647,2765,2028,3502,-87
1853,1560,1664,2765,2028,3502,-104
1854,1560,1681,2765,2028,3502,-121
1855,1560,1701,2765,2028,3502,-141
1856,1560,1719,2765,2028,3502,-159
1857,1560,1737,2765,2028,3502,-177
1858,1560,1757,2765,2028,3502,-197
1859,1560,1773,2765,2028,3502,-213
1862,1560,1804,2765,2028,3502,-244
1863,1560,1812,2765,2028,3502,-252
1864,1560,1821,2765,2028,3502,-261
1865,1560,1832,2765,2028,3502,-272
1866,1560,1836,2765,2028,3502,-276
1867,1560,1836,2765,2028,3502,-276
1868,1560,1835,2765,2028,3502,-275
1869,1560,1831,2765,2028,3502,-271
1870,1560,1827,2765,2028,3502,-267
1871,1560,1819,2765,2028,3502,-259
1872,1560,1819,2765,2028,3502,-259
1873,1560,1811,2765,2028,3502,-251
1874,1560,1802,2765,3502,2028,-242
1875,1560,1788,2765,3502,2028,-228
1876,1560,1772,2765,3502,2028,-212
1877,1560,1752,2765,3502,2028,-192
1878,1560,1733,2765,3502,2028,-173
1879,1560,1712,2765,3502,2028,-152
1880,1560,1686,2765,3502,2028,-126
1881,1560,1663,2765,3502,2028,-103
1882,1560,1645,2765,3502,2028,-85
1883,1560,1645,2765,2028,3502,-85
1884,1560,1623,2765,3502,2028,-63
1885,1560,1599,2765,3502,2028,-39
1886,1560,1578,2765,3502,2028,-18
1887,1560,1559,2765,3502,2028,1
1888,1560,1536,2765,3502,2028,24
1889,1560,1514,2765,3502,2028,46
1890,1560,1496,2765,3502,2028,64
1891,1560,1476,2765,3502,2028,84
1892,1560,1457,2765,3502,2028,103
1893,1560,1457,2765,3502,2028,103
1894,1560,1440,2765,3502,2028,120
1895,1560,1425,2765,3502,2028,135
1896,1560,1410,2765,3502,2028,150
1897,1560,1399,2765,3502,2028,161
1898,1560,1389,2765,3502,2028,171
1899,1560,1376,2765,3502,2028,184
1903,1560,1343,2765,3502,2028,217
1904,1560,1335,2765,3502,2028,225
1905,1560,1331,2765,3502,2028,229
1906,1560,1326,2765,3502,2028,234
1907,1560,1325,2765,3502,2028,235
1908,1560,1326,2765,3502,2028,234
1909,1560,1328,2765,3502,2028,232
1910,1560,1331,2765,3502,2028,229
1911,1560,1335,2765,3502,2028,225
1912,1560,1341,2765,3502,2028,219
1913,1560,1341,2765,3502,2028,219
1914,1560,1351,2765,2028,3502,209
1915,1560,1362,2765,2028,3502,198
1916,1560,1364,2765,3502,2028,196
1917,1560,1371,2765,2028,3502,189
1918,1560,1388,2765,2028,3502,172
1919,1560,1400,2765,2028,3502,160
1920,1560,1411,2765,2028,3502,149
1921,1560,1428,2765,2028,3502,132
1922,1560,1444,2765,2028,3502,116
1923,1560,1444,2765,3502,2028,116
1924,1560,1460,2765,2028,3502,100
1925,1560,1483,2765,2028,3502,77
1926,1560,1501,2765,2028,3502,59
1927,1560,1518,2765,2028,3502,42
1928,1560,1535,2765,2028,3502,25
1929,1560,1552,2765,2028,3502,8
1930,1560,1573,2765,2028,3502,-13
1931,1560,1591,2765,2028,3502,-31
1932,1560,1615,2765,2028,3502,-55
1933,1560,1615,2765,2028,3502,-55
1934,1560,1637,2765,2028,3502,-77
1935,1560,1656,2765,2028,3502,-96
1936,1560,1678,2765,2028,3502,-118
1939,1560,1745,2765,2028,3502,-185
1940,1560,1763,2765,2028,3502,-203
1941,1560,1778,2765,2028,3502,-218
1942,1560,1792,2765,2028,3502,-232
1945,1560,1816,2765,2028,3502,-256
1946,1560,1825,2765,2028,3502,-265
1947,1560,1833,2765,2028,3502,-273
1948,1560,1835,2765,2028,3502,-275
1951,1560,1832,2765,2028,3502,-272
1952,1560,1827,2765,2028,3502,-267
1953,1560,1827,2765,2028,3502,-267
1954,1560,1819,2765,2028,3502,-259
1955,1560,1809,2765,3502,2028,-249
1956,1560,1793,2765,3502,2028,-233
1957,1560,1778,2765,3502,2028,-218
1958,1560,1761,2765,3502,2028,-201
1959,1560,1738,2765,3502,2028,-178
1960,1560,1718,2765,3502,2028,-158
1961,1560,1698,2765,3502,2028,-138
1962,1560,1680,2765,3502,2028,-120
1963,1560,1659,2765,3502,2028,-99
1964,1560,1659,2765,2028,3502,-99
1965,1560,1634,2765,3502,2028,-74
1966,1560,1613,2765,3502,2028,-53
1967,1560,1592,2765,3502,2028,-32
1968,1560,1568,2765,3502,2028,-8
1969,1560,1550,2765,3502,2028,10
1970,1560,1533,2765,3502,2028,27
1971,1560,1513,2765,3502,2028,47
1972,1560,1496,2765,3502,2028,64
1973,1560,1479,2765,3502,2028,81
1974,1560,1479,2765,3502,2028,81
1975,1560,1461,2765,3502,2028,99
1976,1560,1445,2765,3502,2028,115
1977,1560,1434,2765,3502,2028,126
1978,1560,1423,2765,3502,2028,137
1979,1560,1411,2765,3502,2028,149
1980,1560,1398,2765,3502,2028,162
1981,1560,1385,2765,3502,2028,175
1982,1560,1375,2765,3502,2028,185
1983,1560,1367,2765,3502,2028,193
1984,1560,1367,2765,3502,2028,193
1985,1560,1358,2765,3502,2028,202
1986,1560,1352,2765,3502,2028,208
1987,1560,1349,2765,3502,2028,211
1988,1560,1349,2765,3502,2028,211
1989,1560,1350,2765,3502,2028,210
1990,1560,1350,2765,3502,2028,210
1991,1560,1357,2765,2028,3502,203
1992,1560,1365,2765,2028,3502,195
1993,1560,1365,2765,3502,2028,195
1994,1560,1365,2765,3502,2028,195
1995,1560,1374,2765,2028,3502,186
1996,1560,1387,2765,2028,3502,173
1997,1560,1391,2765,3502,2028,169
1998,1560,1400,2765,2028,3502,160
1999,1560,1412,2765,2028,3502,148
2000,1560,1420,2765,2028,3502,140
2001,2760,1428,2765,2028,3502,1332
2002,2760,1443,3502,2765,2765,1317
2003,2760,1456,3502,2765,2765,1304
2004,2760,1456,3502,2765,2765,1304
2005,2760,1476,3502,2765,2765,1284
2006,2760,1493,3502,2765,2765,1267
2007,2760,1501,3502,2765,2765,1259
2008,2760,1519,3502,2765,2765,1241
2009,2760,1541,3502,2765,2765,1219
2010,2760,1557,3502,2765,2765,1203
2011,2760,1577,3502,2765,2765,1183
2012,2760,1600,3502,2765,2765,1160
2013,2760,1623,3502,2765,2765,1137
2014,2760,1623,3502,2765,2765,1137
2015,2760,1650,3502,2765,2765,1110
2016,2760,1680,3502,2765,2765,1080
2017,2760,1710,3502,2765,2765,1050
2018,2760,1736,3502,2765,2765,1024
2019,2760,1769,3502,2765,2765,991
2020,2760,1804,2028,2765,2765,956
2021,2760,1832,3502,2765,2765,928
2022,2760,1863,2028,2765,2765,897
2023,2760,1895,2028,2765,2765,865
2024,2760,1895,3502,2765,2765,865
2025,2760,1927,2028,2765,2765,833
2026,2760,1961,2028,2765,2765,799
2027,2760,1991,2028,2765,2765,769
2028,2760,2023,2028,2765,2765,737
2029,2760,2058,2028,2765,2765,702
2030,2760,2090,2028,2765,2765,670
2031,2760,2124,2028,2765,2765,636
2032,2760,2155,2028,2765,2765,605
2033,2760,2186,2028,2765,2765,574
2034,2760,2186,3502,2765,2765,574
2035,2760,2216,2028,2765,2765,544
2036,2760,2244,2028,2765,2765,516
2037,2760,2273,2028,2765,2765,487
2038,2760,2304,2028,2765,2765,456
2039,2760,2335,2028,2765,2765,425
2040,2760,2362,2028,2765,2765,398
2041,2760,2390,2028,2765,2765,370
2042,2760,2416,2028,2765,2765,344
2043,2760,2444,2028,2765,2765,316
2044,2760,2469,2028,2765,2765,291
2045,2760,2469,3502,2765,2765,291
2046,2760,2495,2028,2765,2765,265
2047,2760,2521,2028,2765,2765,239
2048,2760,2545,2028,2765,2765,215
2049,2760,2570,2028,2765,2765,190
2050,2760,2593,2028,2765,2765,167
2051,2760,2617,2028,2765,2765,143
2052,2760,2641,2028,2765,2765,119
2053,2760,2662,2028,2765,2765,98
2054,2760,2682,2028,2765,2765,78
2055,2760,2682,3502,2765,2765,78
2056,2760,2705,2028,2765,2765,55
2057,2760,2727,2028,2765,2765,33
2058,2760,2744,2028,2765,2765,16
2059,2760,2762,2028,2765,2765,-2
2060,2760,2781,2028,2765,2765,-21
2061,2760,2799,2028,2765,2765,-39
2062,2760,2806,2028,2765,2765,-46
2063,2760,2822,2028,2765,2765,-62
2064,2760,2837,2028,2765,2765,-77
2065,2760,2837,2028,2765,2765,-77
2066,2760,2852,2028,2765,2765,-92
2067,2760,2865,2028,2765,2765,-105
2068,2760,2879,2028,2765,2765,-119
2069,2760,2892,2028,2765,2765,-132
2070,2760,2905,2028,2765,2765,-145
2071,2760,2919,2028,2765,2765,-159
2072,2760,2933,2028,2765,2765,-173
2073,2760,2948,2028,2765,2765,-188
2074,2760,2961,2028,2765,2765,-201
2075,2760,2961,2028,2765,2765,-201
2076,2760,2975,2028,2765,2765,-215
2077,2760,2989,2028,2765,2765,-229
2078,2760,3003,2028,2765,2765,-243
2079,2760,3014,2028,2765,2765,-254
2080,2760,3024,2028,2765,2765,-264
2081,2760,3036,2028,2765,2765,-276
2082,2760,3050,2028,2765,2765,-290
2083,2760,3062,2028,2765,2765,-302
2084,2760,3075,2028,2765,2765,-315
2085,2760,3075,2028,2765,2765,-315
2086,2760,3085,2028,2765,2765,-325
2087,2760,3095,2028,2765,2765,-335
2088,2760,3105,2028,2765,2765,-345
2089,2760,3117,2028,2765,2765,-357
2090,2760,3129,2028,2765,2765,-369
2091,2760,3137,2028,2765,2765,-377
2092,2760,3146,2028,2765,2765,-386
2093,2760,3155,2028,2765,2765,-395
2094,2760,3164,2028,2765,2765,-404
2095,2760,3164,2028,2765,2765,-404
2096,2760,3173,2028,2765,2765,-413
2097,2760,3181,2028,2765,2765,-421
2098,2760,3189,2028,2765,2765,-429
2099,2760,3197,2028,2765,2765,-437
2100,2760,3208,2028,2765,2765,-448
2101,2760,3215,2028,2765,2765,-455
2102,2760,3218,2028,2765,2765,-458
2103,2760,3227,2028,2765,2765,-467
2104,2760,3233,2028,2765,2765,-473
2105,2760,3233,2028,2765,2765,-473
2106,2760,3237,2028,2765,2765,-477
2107,2760,3244,2028,2765,2765,-484
2108,2760,3252,2028,2765,2765,-492
2109,2760,3256,2028,2765,2765,-496
2110,2760,3259,2028,2765,2765,-499
2111,2760,3263,2028,2765,2765,-503
2112,2760,3266,2028,2765,2765,-506
2113,2760,3269,2028,2765,2765,-509
2114,2760,3274,2028,2765,2765,-514
2115,2760,3274,2028,2765,2765,-514
2116,2760,3278,2028,2765,2765,-518
2117,2760,3279,2028,2765,2765,-519
2118,2760,3282,2028,2765,2765,-522
2119,2760,3285,2028,2765,2765,-525
2120,2760,3284,2028,2765,2765,-524
2121,2760,3284,2028,2765,2765,-524
2122,2760,3283,2028,2765,2765,-523
2123,2760,3283,2028,2765,2765,-523
2124,2760,3283,2028,2765,2765,-523
2125,2760,3283,2028,2765,2765,-523
2126,2760,3283,2028,2765,2765,-523
2127,2760,3282,2028,2765,2765,-522
2128,2760,3280,2028,2765,2765,-520
2129,2760,3279,2028,2765,2765,-519
2130,2760,3278,2028,2765,2765,-518
2131,2760,3275,2028,2765,2765,-515
2132,2760,3272,2028,2765,2765,-512
2133,2760,3269,2028,2765,2765,-509
2134,2760,3265,2028,2765,2765,-505
2135,2760,3265,2028,2765,2765,-505
2136,2760,3264,2028,2765,2765,-504
2137,2760,3261,2028,2765,2765,-501
2138,2760,3256,2028,2765,2765,-496
2139,2760,3255,2028,2765,2765,-495
2140,2760,3251,2028,2765,2765,-491
2141,2760,3247,2028,2765,2765,-487
2142,2760,3241,2028,2765,2765,-481
2143,2760,3236,2028,2765,2765,-476
2144,2760,3231,2028,2765,2765,-471
2145,2760,3226,2028,2765,2765,-466
2146,2760,3226,2028,2765,2765,-466
2147,2760,3220,2028,2765,2765,-460
2148,2760,3216,2028,2765,2765,-456
2149,2760,3212,2028,2765,2765,-452
2150,2760,3205,2028,2765,2765,-445
2151,2760,3198,2028,2765,2765,-438
2152,2760,3192,2028,2765,2765,-432
2153,2760,3187,2028,2765,2765,-427
2154,2760,3181,2028,2765,2765,-421
2155,2760,3175,2028,2765,2765,-415
2156,2760,3175,2028,2765,2765,-415
2157,2760,3168,2028,2765,2765,-408
2158,2760,3162,2028,2765,2765,-402
2159,2760,3155,2028,2765,2765,-395
2160,2760,3147,2028,2765,2765,-387
2161,2760,3139,2028,2765,2765,-379
2162,2760,3133,2028,2765,2765,-373
2163,2760,3127,2028,2765,2765,-367
2164,2760,3119,2028,2765,2765,-359
2165,2760,3110,2028,2765,2765,-350
2166,2760,3110,2028,2765,2765,-350
2167,2760,3102,2028,2765,2765,-342
2168,2760,3092,2028,2765,2765,-332
2169,2760,3082,2028,2765,2765,-322
2170,2760,3075,2028,2765,2765,-315
2171,2760,3066,2028,2765,2765,-306
2172,2760,3057,2028,2765,2765,-297
2173,2760,3047,3502,2765,2765,-287
2174,2760,3038,2028,2765,2765,-278
2175,2760,3030,2028,2765,2765,-270
2176,2760,3030,2028,2765,2765,-270
2177,2760,3018,3502,2765,2765,-258
2178,2760,3008,3502,2765,2765,-248
2179,2760,3001,2028,2765,2765,-241
2180,2760,2992,3502,2765,2765,-232
2181,2760,2979,3502,2765,2765,-219
2182,2760,2969,3502,2765,2765,-209
2183,2760,2959,3502,2765,2765,-199
2184,2760,2952,3502,2765,2765,-192
2185,2760,2945,3502,2765,2765,-185
2186,2760,2945,2028,2765,2765,-185
2187,2760,2932,3502,2765,2765,-172
2188,2760,2916,3502,2765,2765,-156
2189,2760,2909,3502,2765,2765,-149
2190,2760,2903,3502,2765,2765,-143
2191,2760,2891,3502,2765,2765,-131
2192,2760,2881,3502,2765,2765,-121
2193,2760,2870,3502,2765,2765,-110
2194,2760,2863,3502,2765,2765,-103
2195,2760,2858,3502,2765,2765,-98
2196,2760,2858,2028,2765,2765,-98
2197,2760,2852,3502,2765,2765,-92
2198,2760,2846,3502,2765,2765,-86
2199,2760,2840,3502,2765,2765,-80
2200,2760,2833,3502,2765,2765,-73
2201,2760,2828,3502,2765,2765,-68
2202,2760,2825,3502,2765,2765,-65
2203,2760,2822,3502,2765,2765,-62
2204,2760,2819,3502,2765,2765,-59
2205,2760,2818,2028,2765,2765,-58
2206,2760,2818,2028,2765,2765,-58
2207,2760,2818,2028,2765,2765,-58
2208,2760,2820,2028,2765,2765,-60
2209,2760,2820,2028,2765,2765,-60
2210,2760,2820,2028,2765,2765,-60
2211,2760,2821,2028,2765,2765,-61
2212,2760,2822,2028,2765,2765,-62
2213,2760,2823,2028,2765,2765,-63
2214,2760,2823,2028,2765,2765,-63
2215,2760,2824,2028,2765,2765,-64
2216,2760,2824,2028,2765,2765,-64
2217,2760,2825,2028,2765,2765,-65
2218,2760,2825,2028,2765,2765,-65
2219,2760,2828,2028,2765,2765,-68
2220,2760,2829,2028,2765,2765,-69
2221,2760,2829,2028,2765,2765,-69
2222,2760,2829,2028,2765,2765,-69
2223,2760,2829,2028,2765,2765,-69
2224,2760,2829,2028,2765,2765,-69
2225,2760,2829,2028,2765,2765,-69
2226,2760,2829,2028,2765,2765,-69
2227,2760,2829,2028,2765,2765,-69
2228,2760,2829,2028,2765,2765,-69
2229,2760,2829,2028,2765,2765,-69
2230,2760,2829,2028,2765,2765,-69
2231,2760,2829,2028,2765,2765,-69
2232,2760,2829,2028,2765,2765,-69
2233,2760,2830,2028,2765,2765,-70
2234,2760,2831,2028,2765,2765,-71
2235,2760,2830,2028,2765,2765,-70
2236,2760,2828,2028,2765,2765,-68
2237,2760,2828,2028,2765,2765,-68
2238,2760,2826,2028,2765,2765,-66
2239,2760,2827,2028,2765,2765,-67
2240,2760,2827,2028,2765,2765,-67
2241,2760,2827,2028,2765,2765,-67
2242,2760,2829,2028,2765,2765,-69
2243,2760,2828,2028,2765,2765,-68
2244,2760,2829,2028,2765,2765,-69
2245,2760,2828,2028,2765,2765,-68
2246,2760,2828,2028,2765,2765,-68
2247,2760,2828,2028,2765,2765,-68
2248,2760,2829,2028,2765,2765,-69
2249,2760,2829,2028,2765,2765,-69
2250,2760,2828,2028,2765,2765,-68
2251,2760,2828,2028,2765,2765,-68
2252,2760,2828,2028,2765,2765,-68
2253,2760,2829,2028,2765,2765,-69
2254,2760,2828,2028,2765,2765,-68
2255,2760,2827,2028,2765,2765,-67
2256,2760,2827,2028,2765,2765,-67
2257,2760,2827,2028,2765,2765,-67
2258,2760,2826,2028,2765,2765,-66
2259,2760,2826,2028,2765,2765,-66
2260,2760,2825,2028,2765,2765,-65
2261,2760,2826,2028,2765,2765,-66
2262,2760,2827,2028,2765,2765,-67
2263,2760,2827,2028,2765,2765,-67
2264,2760,2826,2028,2765,2765,-66
2265,2760,2824,2028,2765,2765,-64
2266,2760,2825,2028,2765,2765,-65
2267,2760,2825,2028,2765,2765,-65
2268,2760,2826,2028,2765,2765,-66
2269,2760,2826,2028,2765,2765,-66
2270,2760,2824,2028,2765,2765,-64
2271,2760,2824,2028,2765,2765,-64
2272,2760,2825,2028,2765,2765,-65
2273,2760,2826,2028,2765,2765,-66
2274,2760,2826,2028,2765,2765,-66
2275,2760,2824,2028,2765,2765,-64
2276,2760,2824,2028,2765,2765,-64
2277,2760,2824,2028,2765,2765,-64
2278,2760,2824,2028,2765,2765,-64
2279,2760,2824,2028,2765,2765,-64
2280,2760,2824,2028,2765,2765,-64
2281,2760,2823,2028,2765,2765,-63
2282,2760,2823,2028,2765,2765,-63
2283,2760,2823,2028,2765,2765,-63
2284,2760,2823,2028,2765,2765,-63
2285,2760,2823,2028,2765,2765,-63
2286,2760,2822,2028,2765,2765,-62
2287,2760,2822,2028,2765,2765,-62
2288,2760,2822,2028,2765,2765,-62
2289,2760,2822,2028,2765,2765,-62
2290,2760,2821,2028,2765,2765,-61
2291,2760,2819,3502,2765,2765,-59
2292,2760,2818,2028,2765,2765,-58
2293,2760,2820,2028,2765,2765,-60
2294,2760,2819,2028,2765,2765,-59
2295,2760,2817,3502,2765,2765,-57
2296,2760,2817,2028,2765,2765,-57
2297,2760,2817,2028,2765,2765,-57
2298,2760,2813,3502,2765,2765,-53
2299,2760,2812,2028,2765,2765,-52
2300,2760,2815,2028,2765,2765,-55
2301,2760,2815,2028,2765,2765,-55
2302,2760,2812,3502,2765,2765,-52
2303,2760,2811,2028,2765,2765,-51
2304,2760,2813,2028,2765,2765,-53
2305,2760,2813,2028,2765,2765,-53
2306,2760,2810,3502,2765,2765,-50
2307,2760,2810,2028,2765,2765,-50
2308,2760,2813,2028,2765,2765,-53
2309,2760,2813,2028,2765,2765,-53
2310,2760,2810,3502,2765,2765,-50
2311,2760,2809,2028,2765,2765,-49
2312,2760,2812,2028,2765,2765,-52
2313,2760,2813,2028,2765,2765,-53
2314,2760,2810,3502,2765,2765,-50
2315,2760,2809,2028,2765,2765,-49
2316,2760,2811,2028,2765,2765,-51
2317,2760,2810,2028,2765,2765,-50
2318,2760,2810,2028,2765,2765,-50
2319,2760,2808,3502,2765,2765,-48
2320,2760,2806,3502,2765,2765,-46
2321,2760,2807,2028,2765,2765,-47
2322,2760,2809,2028,2765,2765,-49
2323,2760,2804,3502,2765,2765,-44
2324,2760,2799,3502,2765,2765,-39
2325,2760,2802,2028,2765,2765,-42
2326,2760,2804,2028,2765,2765,-44
2327,2760,2800,3502,2765,2765,-40
2328,2760,2800,2028,2765,2765,-40
2329,2760,2807,2028,2765,2765,-47
2330,2760,2804,3502,2765,2765,-44
2331,2760,2800,3502,2765,2765,-40
2332,2760,2804,2028,2765,2765,-44
2333,2760,2807,2028,2765,2765,-47
2334,2760,2802,3502,2765,2765,-42
2335,2760,2794,3502,2765,2765,-34
2336,2760,2794,2028,2765,2765,-34
2337,2760,2791,3502,2765,2765,-31
2338,2760,2791,2028,2765,2765,-31
2339,2760,2789,3502,2765,2765,-29
2340,2760,2788,3502,2765,2765,-28
2341,2760,2787,3502,2765,2765,-27
2342,2760,2789,2028,2765,2765,-29
2343,2760,2788,3502,2765,2765,-28
2344,2760,2785,3502,2765,2765,-25
2345,2760,2780,3502,2765,2765,-20
2346,2760,2779,3502,2765,2765,-19
2347,2760,2777,3502,2765,2765,-17
2348,2760,2777,2028,2765,2765,-17
2349,2760,2774,3502,2765,2765,-14
2350,2760,2775,2028,2765,2765,-15
2351,2760,2774,3502,2765,2765,-14
2352,2760,2771,3502,2765,2765,-11
2353,2760,2769,3502,2765,2765,-9
2354,2760,2768,3502,2765,2765,-8
2355,2760,2769,2028,2765,2765,-9
2356,2760,2772,2028,2765,2765,-12
2357,2760,2775,2028,2765,2765,-15
2358,2760,2775,2028,2765,2765,-15
2359,2760,2776,2028,2765,2765,-16
2360,2760,2779,2028,2765,2765,-19
2361,2760,2778,3502,2765,2765,-18
2362,2760,2778,2028,2765,2765,-18
2363,2760,2779,2028,2765,2765,-19
2364,2760,2780,2028,2765,2765,-20
2365,2760,2780,2028,2765,2765,-20
2366,2760,2780,2028,2765,2765,-20
2367,2760,2783,2028,2765,2765,-23
2368,2760,2783,2028,2765,2765,-23
2369,2760,2789,2028,2765,2765,-29
2370,2760,2793,2028,2765,2765,-33
2371,2760,2799,2028,2765,2765,-39
2372,2760,2798,2028,2765,2765,-38
2373,2760,2806,2028,2765,2765,-46
2374,2760,2813,2028,2765,2765,-53
2375,2760,2820,2028,2765,2765,-60
2376,2760,2826,2028,2765,2765,-66
2377,2760,2833,2028,2765,2765,-73
2378,2760,2833,2028,2765,2765,-73
2379,2760,2842,2028,2765,2765,-82
2380,2760,2850,2028,2765,2765,-90
2381,2760,2853,2028,2765,2765,-93
2382,2760,2861,2028,2765,2765,-101
2383,2760,2868,2028,2765,2765,-108
2384,2760,2874,2028,2765,2765,-114
2385,2760,2883,2028,2765,2765,-123
2386,2760,2892,2028,2765,2765,-132
2387,2760,2900,2028,2765,2765,-140
2388,2760,2900,2028,2765,2765,-140
2389,2760,2908,2028,2765,2765,-148
2390,2760,2917,2028,2765,2765,-157
2391,2760,2924,2028,2765,2765,-164
2392,2760,2931,2028,2765,2765,-171
2393,2760,2941,2028,2765,2765,-181
2394,2760,2949,2028,2765,2765,-189
2395,2760,2955,2028,2765,2765,-195
2396,2760,2962,2028,2765,2765,-202
2397,2760,2971,2028,2765,2765,-211
2398,2760,2978,2028,2765,2765,-218
2399,2760,2978,2028,2765,2765,-218
2400,2760,2985,2028,2765,2765,-225
2401,2760,2993,2028,2765,2765,-233
2402,2760,3001,2028,2765,2765,-241
2403,2760,3007,2028,2765,2765,-247
2404,2760,3014,2028,2765,2765,-254
2405,2760,3023,2028,2765,2765,-263
2406,2760,3032,2028,2765,2765,-272
2407,2760,3040,2028,2765,2765,-280
2408,2760,3044,2028,2765,2765,-284
2409,2760,3044,2028,2765,2765,-284
2410,2760,3051,2028,2765,2765,-291
2411,2760,3060,2028,2765,2765,-300
2412,2760,3066,2028,2765,2765,-306
2413,2760,3072,2028,2765,2765,-312
2414,2760,3079,2028,2765,2765,-319
2415,2760,3087,2028,2765,2765,-327
2416,2760,3091,2028,2765,2765,-331
2417,2760,3097,2028,2765,2765,-337
2418,2760,3104,2028,2765,2765,-344
2419,2760,3104,2028,2765,2765,-344
2420,2760,3111,2028,2765,2765,-351
2421,2760,3115,2028,2765,2765,-355
2422,2760,3122,2028,2765,2765,-362
2423,2760,3127,2028,2765,2765,-367
2424,2760,3132,2028,2765,2765,-372
2425,2760,3138,2028,2765,2765,-378
2426,2760,3142,2028,2765,2765,-382
2427,2760,3147,2028,2765,2765,-387
2428,2760,3151,2028,2765,2765,-391
2429,2760,3151,2028,2765,2765,-391
2430,2760,3156,2028,2765,2765,-396
2431,2760,3162,2028,2765,2765,-402
2432,2760,3167,2028,2765,2765,-407
2433,2760,3171,2028,2765,2765,-411
2434,2760,3173,2028,2765,2765,-413
2435,2760,3177,2028,2765,2765,-417
2436,2760,3182,2028,2765,2765,-422
2437,2760,3185,2028,2765,2765,-425
2438,2760,3189,2028,2765,2765,-429
2439,2760,3189,2028,2765,2765,-429
2440,2760,3195,2028,2765,2765,-435
2441,2760,3199,2028,2765,2765,-439
2442,2760,3200,2028,2765,2765,-440
2443,2760,3202,2028,2765,2765,-442
2444,2760,3205,2028,2765,2765,-445
2445,2760,3208,2028,2765,2765,-448
2446,2760,3207,2028,2765,2765,-447
2447,2760,3208,2028,2765,2765,-448
2448,2760,3211,2028,2765,2765,-451
2449,2760,3211,2028,2765,2765,-451
2450,2760,3213,2028,2765,2765,-453
2451,2760,3217,2028,2765,2765,-457
2452,2760,3219,2028,2765,2765,-459
2453,2760,3218,2028,2765,2765,-458
2454,2760,3218,2028,2765,2765,-458
2455,2760,3218,2028,2765,2765,-458
2456,2760,3217,2028,2765,2765,-457
2457,2760,3218,2028,2765,2765,-458
2458,2760,3218,2028,2765,2765,-458
2459,2760,3218,2028,2765,2765,-458
2460,2760,3216,2028,2765,2765,-456
2461,2760,3216,2028,2765,2765,-456
2462,2760,3214,2028,2765,2765,-454
2463,2760,3214,2028,2765,2765,-454
2464,2760,3213,2028,2765,2765,-453
2465,2760,3211,2028,2765,2765,-451
2466,2760,3210,2028,2765,2765,-450
2467,2760,3208,2028,2765,2765,-448
2468,2760,3205,2028,2765,2765,-445
2469,2760,3205,2028,2765,2765,-445
2470,2760,3203,2028,2765,2765,-443
2471,2760,3202,2028,2765,2765,-442
2472,2760,3201,2028,2765,2765,-441
2473,2760,3197,2028,2765,2765,-437
2474,2760,3195,2028,2765,2765,-435
2475,2760,3194,2028,2765,2765,-434
2476,2760,3192,2028,2765,2765,-432
2477,2760,3189,2028,2765,2765,-429
2478,2760,3184,2028,2765,2765,-424
2479,2760,3184,2028,2765,2765,-424
2480,2760,3181,2028,2765,2765,-421
2481,2760,3178,2028,2765,2765,-418
2482,2760,3176,2028,2765,2765,-416
2483,2760,3172,2028,2765,2765,-412
2484,2760,3167,2028,2765,2765,-407
2485,2760,3163,2028,2765,2765,-403
2486,2760,3159,2028,2765,2765,-399
2487,2760,3154,2028,2765,2765,-394
2488,2760,3149,2028,2765,2765,-389
2489,2760,3149,2028,2765,2765,-389
2490,2760,3145,2028,2765,2765,-385
2491,2760,3138,2028,2765,2765,-378
2492,2760,3131,2028,2765,2765,-371
2493,2760,3126,2028,2765,2765,-366
2494,2760,3121,2028,2765,2765,-361
2495,2760,3115,2028,2765,2765,-355
2496,2760,3109,2028,2765,2765,-349
2497,2760,3103,2028,2765,2765,-343
2498,2760,3098,2028,2765,2765,-338
2499,2760,3091,2028,2765,2765,-331
2500,2760,3091,2028,2765,2765,-331
2501,2760,3085,2028,2765,2765,-325
2502,2760,3079,2028,2765,2765,-319
2503,2760,3071,2028,2765,2765,-311
2504,2760,3063,2028,2765,2765,-303
2505,2760,3055,2028,2765,2765,-295
2506,2760,3048,2028,2765,2765,-288
2507,2760,3041,2028,2765,2765,-281
2508,2760,3033,2028,2765,2765,-273
2509,2760,3025,2028,2765,2765,-265
2510,2760,3025,2028,2765,2765,-265
2511,2760,3018,2028,2765,2765,-258
2512,2760,3009,3502,2765,2765,-249
2513,2760,2999,3502,2765,2765,-239
2514,2760,2991,3502,2765,2765,-231
2515,2760,2984,2028,2765,2765,-224
2516,2760,2975,3502,2765,2765,-215
2517,2760,2964,3502,2765,2765,-204
2518,2760,2954,3502,2765,2765,-194
2519,2760,2948,2028,2765,2765,-188
2520,2760,2948,2028,2765,2765,-188
2521,2760,2936,3502,2765,2765,-176
2522,2760,2925,3502,2765,2765,-165
2523,2760,2923,2028,2765,2765,-163
2524,2760,2916,3502,2765,2765,-156
2525,2760,2905,3502,2765,2765,-145
2526,2760,2896,3502,2765,2765,-136
2527,2760,2890,3502,2765,2765,-130
2528,2760,2881,3502,2765,2765,-121
2529,2760,2870,3502,2765,2765,-110
2530,2760,2870,2028,2765,2765,-110
2531,2760,2864,3502,2765,2765,-104
2532,2760,2859,3502,2765,2765,-99
2533,2760,2852,3502,2765,2765,-92
2534,2760,2844,3502,2765,2765,-84
2535,2760,2838,3502,2765,2765,-78
2536,2760,2833,3502,2765,2765,-73
2537,2760,2826,3502,2765,2765,-66
2538,2760,2823,3502,2765,2765,-63
2539,2760,2823,2028,2765,2765,-63
2540,2760,2823,2028,2765,2765,-63
2541,2760,2820,3502,2765,2765,-60
2542,2760,2818,3502,2765,2765,-58
2543,2760,2816,3502,2765,2765,-56
2544,2760,2813,3502,2765,2765,-53
2545,2760,2813,2028,2765,2765,-53
2546,2760,2816,2028,2765,2765,-56
2547,2760,2818,2028,2765,2765,-58
2548,2760,2819,2028,2765,2765,-59
2549,2760,2821,2028,2765,2765,-61
2550,2760,2821,2028,2765,2765,-61
2551,2760,2823,2028,2765,2765,-63
2552,2760,2824,2028,2765,2765,-64
2553,2760,2827,2028,2765,2765,-67
2554,2760,2829,2028,2765,2765,-69
2555,2760,2832,2028,2765,2765,-72
2556,2760,2834,2028,2765,2765,-74
2557,2760,2836,2028,2765,2765,-76
2558,2760,2837,2028,2765,2765,-77
2559,2760,2838,2028,2765,2765,-78
2560,2760,2838,2028,2765,2765,-78
2561,2760,2838,2028,2765,2765,-78
2562,2760,2839,2028,2765,2765,-79
2563,2760,2840,2028,2765,2765,-80
2564,2760,2842,2028,2765,2765,-82
2565,2760,2842,2028,2765,2765,-82
2566,2760,2845,2028,2765,2765,-85
2567,2760,2847,2028,2765,2765,-87
2568,2760,2848,2028,2765,2765,-88
2569,2760,2848,2028,2765,2765,-88
2570,2760,2848,2028,2765,2765,-88
2571,2760,2848,2028,2765,2765,-88
2572,2760,2848,2028,2765,2765,-88
2573,2760,2848,2028,2765,2765,-88
2574,2760,2848,2028,2765,2765,-88
2575,2760,2849,2028,2765,2765,-89
2576,2760,2849,2028,2765,2765,-89
2577,2760,2849,2028,2765,2765,-89
2578,2760,2849,2028,2765,2765,-89
2579,2760,2849,2028,2765,2765,-89
2580,2760,2849,2028,2765,2765,-89
2581,2760,2849,2028,2765,2765,-89
2582,2760,2849,2028,2765,2765,-89
2583,2760,2849,2028,2765,2765,-89
2584,2760,2848,2028,2765,2765,-88
2585,2760,2848,2028,2765,2765,-88
2586,2760,2849,2028,2765,2765,-89
2587,2760,2848,2028,2765,2765,-88
2588,2760,2848,2028,2765,2765,-88
2589,2760,2849,2028,2765,2765,-89
2590,2760,2849,2028,2765,2765,-89
2591,2760,2849,2028,2765,2765,-89
2592,2760,2848,2028,2765,2765,-88
2593,2760,2848,2028,2765,2765,-88
2594,2760,2848,2028,2765,2765,-88
2595,2760,2848,2028,2765,2765,-88
2596,2760,2848,2028,2765,2765,-88
2597,2760,2848,2028,2765,2765,-88
2598,2760,2848,2028,2765,2765,-88
2599,2760,2846,2028,2765,2765,-86
2600,2760,2846,2028,2765,2765,-86
2601,2760,2846,2028,2765,2765,-86
2602,2760,2847,2028,2765,2765,-87
2603,2760,2847,2028,2765,2765,-87
2604,2760,2847,2028,2765,2765,-87
2605,2760,2849,2028,2765,2765,-89
2606,2760,2849,2028,2765,2765,-89
2607,2760,2847,2028,2765,2765,-87
2608,2760,2847,2028,2765,2765,-87
2609,2760,2848,2028,2765,2765,-88
2610,2760,2847,2028,2765,2765,-87
2611,2760,2847,2028,2765,2765,-87
2612,2760,2847,2028,2765,2765,-87
2613,2760,2847,2028,2765,2765,-87
2614,2760,2846,2028,2765,2765,-86
2615,2760,2847,2028,2765,2765,-87
2616,2760,2847,2028,2765,2765,-87
2617,2760,2844,3502,2765,2765,-84
2618,2760,2844,2028,2765,2765,-84
2619,2760,2845,2028,2765,2765,-85
2620,2760,2843,2028,2765,2765,-83
2621,2760,2843,2028,2765,2765,-83
2622,2760,2843,2028,2765,2765,-83
2623,2760,2845,2028,2765,2765,-85
2624,2760,2843,2028,2765,2765,-83
2625,2760,2842,2028,2765,2765,-82
2626,2760,2841,2028,2765,2765,-81
2627,2760,2841,2028,2765,2765,-81
2628,2760,2842,2028,2765,2765,-82
2629,2760,2842,2028,2765,2765,-82
2630,2760,2840,2028,2765,2765,-80
2631,2760,2840,2028,2765,2765,-80
2632,2760,2840,2028,2765,2765,-80
2633,2760,2840,2028,2765,2765,-80
2634,2760,2840,2028,2765,2765,-80
2635,2760,2840,2028,2765,2765,-80
2636,2760,2840,2028,2765,2765,-80
2637,2760,2841,2028,2765,2765,-81
2638,2760,2839,2028,2765,2765,-79
2640,2760,2838,2028,2765,2765,-78
2641,2760,2838,2028,2765,2765,-78
2642,2760,2836,2028,2765,2765,-76
2643,2760,2834,2028,2765,2765,-74
2644,2760,2831,3502,2765,2765,-71
2645,2760,2830,2028,2765,2765,-70
2646,2760,2833,2028,2765,2765,-73
2647,2760,2831,2028,2765,2765,-71
2648,2760,2826,3502,2765,2765,-66
2649,2760,2825,2028,2765,2765,-65
2650,2760,2826,2028,2765,2765,-66
2651,2760,2826,2028,2765,2765,-66
2652,2760,2824,2028,2765,2765,-64
2653,2760,2822,2028,2765,2765,-62
2654,2760,2820,2765,2765,2765,-60
2655,2760,2817,3502,2765,2765,-57
2656,2760,2816,2028,2765,2765,-56
2657,2760,2818,2028,2765,2765,-58
2658,2760,2815,3502,2765,2765,-55
2659,2760,2810,3502,2765,2765,-50
2660,2760,2811,2028,2765,2765,-51
2661,2760,2811,2028,2765,2765,-51
2662,2760,2804,3502,2765,2765,-44
2663,2760,2800,3502,2765,2765,-40
2664,2760,2805,2028,2765,2765,-45
2665,2760,2805,2028,2765,2765,-45
2666,2760,2799,3502,2765,2765,-39
2667,2760,2804,2028,2765,2765,-44
2668,2760,2806,2028,2765,2765,-46
2669,2760,2804,3502,2765,2765,-44
2670,2760,2799,3502,2765,2765,-39
2671,2760,2799,2028,2765,2765,-39
2672,2760,2799,2028,2765,2765,-39
2673,2760,2794,3502,2765,2765,-34
2674,2760,2790,3502,2765,2765,-30
2675,2760,2793,2028,2765,2765,-33
2676,2760,2790,3502,2765,2765,-30
2677,2760,2781,3502,2765,2765,-21
2678,2760,2780,3502,2765,2765,-20
2679,2760,2782,2028,2765,2765,-22
2680,2760,2780,3502,2765,2765,-20
2681,2760,2780,2028,2765,2765,-20
2682,2760,2779,3502,2765,2765,-19
2683,2760,2773,3502,2765,2765,-13
2684,2760,2770,3502,2765,2765,-10
2685,2760,2770,2028,2765,2765,-10
2686,2760,2766,3502,2765,2765,-6
2687,2760,2765,3502,2765,2765,-5
2688,2760,2758,3502,2765,2765,2
2689,2760,2754,3502,2765,2765,6
2690,2760,2755,2028,2765,2765,5
2691,2760,2757,2028,2765,2765,3
2692,2760,2757,3502,2765,2765,3
2693,2760,2759,2028,2765,2765,1
2694,2760,2754,3502,2765,2765,6
2695,2760,2752,3502,2765,2765,8
2696,2760,2752,3502,2765,2765,8
2697,2760,2754,2028,2765,2765,6
2698,2760,2757,2028,2765,2765,3
2699,2760,2758,2028,2765,2765,2
2700,2760,2760,2028,2765,2765,0
2701,2760,2760,2765,2765,2765,0
2702,2760,2760,2765,2765,2765,0
2703,2760,2762,2028,2765,2765,-2
2704,2760,2766,2028,2765,2765,-6
2705,2760,2766,2028,2765,2765,-6
2706,2760,2765,3502,2765,2765,-5
2707,2760,2769,2028,2765,2765,-9
2708,2760,2770,2028,2765,2765,-10
2709,2760,2770,2028,2765,2765,-10
2710,2760,2772,2028,2765,2765,-12
2711,2760,2772,2028,2765,2765,-12
2712,2760,2772,2028,2765,2765,-12
2713,2760,2773,2028,2765,2765,-13
2714,2760,2774,2028,2765,2765,-14
2715,2760,2775,2028,2765,2765,-15
2716,2760,2774,3502,2765,2765,-14
2717,2760,2778,2028,2765,2765,-18
2718,2760,2773,3502,2765,2765,-13
2719,2760,2771,3502,2765,2765,-11
2720,2760,2772,2028,2765,2765,-12
2721,2760,2775,2028,2765,2765,-15
2722,2760,2775,2028,2765,2765,-15
2723,2760,2780,2028,2765,2765,-20
2724,2760,2779,3502,2765,2765,-19
2725,2760,2779,2028,2765,2765,-19
2726,2760,2773,3502,2765,2765,-13
2727,2760,2773,2028,2765,2765,-13
2728,2760,2776,2028,2765,2765,-16
2729,2760,2776,2028,2765,2765,-16
2730,2760,2779,2028,2765,2765,-19
2731,2760,2779,2028,2765,2765,-19
2732,2760,2779,2028,2765,2765,-19
2733,2760,2779,2028,2765,2765,-19
2734,2760,2779,2028,2765,2765,-19
2735,2760,2779,2028,2765,2765,-19
2736,2760,2779,2028,2765,2765,-19
2737,2760,2779,2028,2765,2765,-19
2738,2760,2779,2028,2765,2765,-19
2739,2760,2779,2028,2765,2765,-19
2740,2760,2779,2028,2765,2765,-19
2741,2760,2779,2028,2765,2765,-19
2742,2760,2779,2028,2765,2765,-19
2743,2760,2779,2028,2765,2765,-19
2744,2760,2779,2028,2765,2765,-19
2745,2760,2779,2028,2765,2765,-19
2746,2760,2778,3502,2765,2765,-18
2747,2760,2779,2028,2765,2765,-19
2748,2760,2779,2028,2765,2765,-19
2749,2760,2779,2028,2765,2765,-19
2750,2760,2778,3502,2765,2765,-18
2751,2760,2778,2028,2765,2765,-18
2752,2760,2778,2028,2765,2765,-18
2753,2760,2779,2028,2765,2765,-19
2754,2760,2779,2028,2765,2765,-19
2755,2760,2780,2028,2765,2765,-20
2756,2760,2779,3502,2765,2765,-19
2757,2760,2779,2028,2765,2765,-19
2758,2760,2779,2028,2765,2765,-19
2759,2760,2779,2028,2765,2765,-19
2760,2760,2779,2028,2765,2765,-19
2761,2760,2778,3502,2765,2765,-18
2762,2760,2778,2028,2765,2765,-18
2763,2760,2778,2028,2765,2765,-18
2764,2760,2779,2028,2765,2765,-19
2765,2760,2779,2028,2765,2765,-19
2766,2760,2777,3502,2765,2765,-17
2767,2760,2776,3502,2765,2765,-16
2768,2760,2778,2028,2765,2765,-18
2769,2760,2779,2028,2765,2765,-19
2770,2760,2779,2028,2765,2765,-19
2771,2760,2777,3502,2765,2765,-17
2772,2760,2777,2028,2765,2765,-17
2773,2760,2776,3502,2765,2765,-16
2774,2760,2778,2028,2765,2765,-18
2775,2760,2776,3502,2765,2765,-16
2776,2760,2776,2028,2765,2765,-16
2777,2760,2779,2028,2765,2765,-19
2778,2760,2779,2028,2765,2765,-19
2779,2760,2776,3502,2765,2765,-16
2780,2760,2776,2028,2765,2765,-16
2781,2760,2778,2028,2765,2765,-18
2782,2760,2777,3502,2765,2765,-17
2783,2760,2777,2028,2765,2765,-17
2784,2760,2778,2028,2765,2765,-18
2785,2760,2779,2028,2765,2765,-19
2786,2760,2777,3502,2765,2765,-17
2787,2760,2778,2028,2765,2765,-18
2788,2760,2779,2028,2765,2765,-19
2789,2760,2778,3502,2765,2765,-18
2790,2760,2778,2028,2765,2765,-18
2791,2760,2779,2028,2765,2765,-19
2792,2760,2778,3502,2765,2765,-18
2793,2760,2778,2028,2765,2765,-18
2794,2760,2778,2028,2765,2765,-18
2795,2760,2776,3502,2765,2765,-16
2796,2760,2775,3502,2765,2765,-15
2797,2760,2778,2028,2765,2765,-18
2798,2760,2779,2028,2765,2765,-19
2799,2760,2777,3502,2765,2765,-17
2800,2760,2776,3502,2765,2765,-16
2801,2760,2778,2028,2765,2765,-18
2802,2760,2776,3502,2765,2765,-16
2803,2760,2776,2028,2765,2765,-16
2804,2760,2774,3502,2765,2765,-14
2805,2760,2774,2028,2765,2765,-14
2806,2760,2777,2028,2765,2765,-17
2807,2760,2776,3502,2765,2765,-16
2808,2760,2773,3502,2765,2765,-13
2809,2760,2775,2028,2765,2765,-15
2810,2760,2778,2028,2765,2765,-18
2811,2760,2776,3502,2765,2765,-16
2812,2760,2776,2028,2765,2765,-16
2813,2760,2776,2028,2765,2765,-16
2814,2760,2776,2028,2765,2765,-16
2815,2760,2773,3502,2765,2765,-13
2816,2760,2774,2028,2765,2765,-14
2817,2760,2778,2028,2765,2765,-18
2818,2760,2776,3502,2765,2765,-16
2819,2760,2774,3502,2765,2765,-14
2820,2760,2775,2028,2765,2765,-15
2821,2760,2776,2028,2765,2765,-16
2822,2760,2774,3502,2765,2765,-14
2823,2760,2774,2028,2765,2765,-14
2824,2760,2774,2028,2765,2765,-14
2825,2760,2773,3502,2765,2765,-13
2826,2760,2768,3502,2765,2765,-8
2827,2760,2770,2028,2765,2765,-10
2828,2760,2773,2028,2765,2765,-13
2829,2760,2772,3502,2765,2765,-12
2830,2760,2770,3502,2765,2765,-10
2831,2760,2771,2028,2765,2765,-11
2832,2760,2772,2028,2765,2765,-12
2833,2760,2772,2028,2765,2765,-12
2834,2760,2771,3502,2765,2765,-11
2835,2760,2770,3502,2765,2765,-10
2836,2760,2771,2028,2765,2765,-11
2837,2760,2773,2028,2765,2765,-13
2838,2760,2771,3502,2765,2765,-11
2839,2760,2771,2028,2765,2765,-11
2840,2760,2775,2028,2765,2765,-15
2841,2760,2776,2028,2765,2765,-16
2842,2760,2772,3502,2765,2765,-12
2843,2760,2772,2028,2765,2765,-12
2844,2760,2774,2028,2765,2765,-14
2845,2760,2773,3502,2765,2765,-13
2846,2760,2769,3502,2765,2765,-9
2847,2760,2772,2028,2765,2765,-12
2848,2760,2776,2028,2765,2765,-16
2849,2760,2774,3502,2765,2765,-14
2850,2760,2771,3502,2765,2765,-11
2851,2760,2773,2028,2765,2765,-13
2852,2760,2774,2028,2765,2765,-14
2853,2760,2774,2028,2765,2765,-14
2854,2760,2771,3502,2765,2765,-11
2855,2760,2769,3502,2765,2765,-9
2856,2760,2770,2028,2765,2765,-10
2857,2760,2773,2028,2765,2765,-13
2858,2760,2771,3502,2765,2765,-11
2859,2760,2770,3502,2765,2765,-10
2860,2760,2772,2028,2765,2765,-12
2861,2760,2773,2028,2765,2765,-13
2862,2760,2769,3502,2765,2765,-9
2863,2760,2769,2028,2765,2765,-9
2864,2760,2770,2028,2765,2765,-10
2865,2760,2771,2028,2765,2765,-11
2866,2760,2767,3502,2765,2765,-7
2867,2760,2767,2028,2765,2765,-7
2868,2760,2770,2028,2765,2765,-10
2869,2760,2769,3502,2765,2765,-9
2870,2760,2766,3502,2765,2765,-6
2871,2760,2769,2028,2765,2765,-9
2872,2760,2772,2028,2765,2765,-12
2873,2760,2769,3502,2765,2765,-9
2874,2760,2769,2028,2765,2765,-9
2875,2760,2770,2028,2765,2765,-10
2876,2760,2769,3502,2765,2765,-9
2877,2760,2764,3502,2765,2765,-4
2878,2760,2768,2028,2765,2765,-8
2879,2760,2771,2028,2765,2765,-11
2880,2760,2769,3502,2765,2765,-9
2881,2760,2766,3502,2765,2765,-6
2882,2760,2768,2028,2765,2765,-8
2883,2760,2766,3502,2765,2765,-6
2884,2760,2766,2028,2765,2765,-6
2885,2760,2767,2028,2765,2765,-7
2886,2760,2768,2028,2765,2765,-8
2887,2760,2765,3502,2765,2765,-5
2888,2760,2766,2028,2765,2765,-6
2889,2760,2768,2028,2765,2765,-8
2890,2760,2767,3502,2765,2765,-7
2891,2760,2764,3502,2765,2765,-4
2892,2760,2769,2028,2765,2765,-9
2893,2760,2769,2028,2765,2765,-9
2894,2760,2769,2028,2765,2765,-9
2895,2760,2765,3502,2765,2765,-5
2896,2760,2764,3502,2765,2765,-4
2897,2760,2765,2028,2765,2765,-5
2898,2760,2768,2028,2765,2765,-8
2899,2760,2764,3502,2765,2765,-4
2900,2760,2759,3502,2765,2765,1
2901,2760,2764,2028,2765,2765,-4
2902,2760,2767,2028,2765,2765,-7
2903,2760,2764,3502,2765,2765,-4
2904,2760,2764,2028,2765,2765,-4
2905,2760,2764,2028,2765,2765,-4
2906,2760,2762,3502,2765,2765,-2
2907,2760,2756,3502,2765,2765,4
2908,2760,2758,2028,2765,2765,2
2909,2760,2762,2028,2765,2765,-2
2910,2760,2758,3502,2765,2765,2
2911,2760,2753,3502,2765,2765,7
2912,2760,2754,2028,2765,2765,6
2913,2760,2752,3502,2765,2765,8
2914,2760,2752,3502,2765,2765,8
2915,2760,2751,3502,2765,2765,9
2916,2760,2751,3502,2765,2765,9
2917,2760,2751,3502,2765,2765,9
2918,2760,2750,3502,2765,2765,10
2919,2760,2747,3502,2765,2765,13
2920,2760,2745,3502,2765,2765,15
2921,2760,2745,3502,2765,2765,15
2922,2760,2746,2028,2765,2765,14
2923,2760,2746,3502,2765,2765,14
2924,2760,2746,3502,2765,2765,14
2925,2760,2746,3502,2765,2765,14
2926,2760,2748,2028,2765,2765,12
2927,2760,2752,2028,2765,2765,8
2928,2760,2755,2028,2765,2765,5
2929,2760,2762,2028,2765,2765,-2
2930,2760,2766,2028,2765,2765,-6
2931,2760,2769,2028,2765,2765,-9
2932,2760,2772,2028,2765,2765,-12
2933,2760,2776,2028,2765,2765,-16
2934,2760,2776,2028,2765,2765,-16
2935,2760,2779,2028,2765,2765,-19
2936,2760,2783,2028,2765,2765,-23
2937,2760,2786,2028,2765,2765,-26
2938,2760,2790,2028,2765,2765,-30
2939,2760,2793,2028,2765,2765,-33
2940,2760,2794,2028,2765,2765,-34
2941,2760,2797,2028,2765,2765,-37
2942,2760,2799,2028,2765,2765,-39
2943,2760,2800,2028,2765,2765,-40
2944,2760,2800,2028,2765,2765,-40
2945,2760,2803,2028,2765,2765,-43
2946,2760,2807,2028,2765,2765,-47
2947,2760,2799,3502,2765,2765,-39
2948,2760,2800,2028,2765,2765,-40
2949,2760,2802,2028,2765,2765,-42
2950,2760,2804,2028,2765,2765,-44
2951,2760,2804,2028,2765,2765,-44
2952,2760,2804,2028,2765,2765,-44
2953,2760,2805,2028,2765,2765,-45
2954,2760,2805,2028,2765,2765,-45
2955,2760,2807,2028,2765,2765,-47
2956,2760,2810,2028,2765,2765,-50
2957,2760,2810,2028,2765,2765,-50
2958,2760,2810,2028,2765,2765,-50
2959,2760,2810,2028,2765,2765,-50
2960,2760,2810,2028,2765,2765,-50
2961,2760,2812,2028,2765,2765,-52
2962,2760,2812,2028,2765,2765,-52
2963,2760,2810,3502,2765,2765,-50
2964,2760,2812,2028,2765,2765,-52
2965,2760,2812,2028,2765,2765,-52
2966,2760,2813,2028,2765,2765,-53
2967,2760,2812,2028,2765,2765,-52
2968,2760,2813,2028,2765,2765,-53
2969,2760,2814,2028,2765,2765,-54
2970,2760,2811,3502,2765,2765,-51
2971,2760,2810,2028,2765,2765,-50
2972,2760,2813,2028,2765,2765,-53
2973,2760,2814,2028,2765,2765,-54
2974,2760,2812,3502,2765,2765,-52
2975,2760,2812,2028,2765,2765,-52
2976,2760,2814,2028,2765,2765,-54
2977,2760,2814,2028,2765,2765,-54
2978,2760,2812,3502,2765,2765,-52
2979,2760,2813,2028,2765,2765,-53
2980,2760,2813,2028,2765,2765,-53
2981,2760,2811,3502,2765,2765,-51
2982,2760,2811,2028,2765,2765,-51
2983,2760,2810,2028,2765,2765,-50
2984,2760,2811,2028,2765,2765,-51
2985,2760,2811,2028,2765,2765,-51
2986,2760,2811,2028,2765,2765,-51
2987,2760,2811,2028,2765,2765,-51
2988,2760,2813,2028,2765,2765,-53
2989,2760,2813,2028,2765,2765,-53
2990,2760,2812,2028,2765,2765,-52
2991,2760,2813,2028,2765,2765,-53
2992,2760,2813,2028,2765,2765,-53
2993,2760,2812,2028,2765,2765,-52
2994,2760,2811,2028,2765,2765,-51
2995,2760,2811,2028,2765,2765,-51
2996,2760,2811,2028,2765,2765,-51
2997,2760,2812,2028,2765,2765,-52
2998,2760,2812,2028,2765,2765,-52
2999,2760,2811,2028,2765,2765,-51
3000,2760,2811,2028,2765,2765,-51
3001,360,2808,3502,2765,2765,-2448
3002,360,2808,3502,3502,2028,-2448
3003,360,2810,3502,3502,2028,-2450
3004,360,2799,3502,3502,2028,-2439
3005,360,2799,3502,3502,2028,-2439
3006,360,2795,3502,3502,2028,-2435
3007,360,2793,3502,3502,2028,-2433
3008,360,2795,3502,3502,2028,-2435
3009,360,2796,3502,3502,2028,-2436
3010,360,2796,3502,3502,2028,-2436
3011,360,2800,3502,3502,2028,-2440
3012,360,2803,3502,3502,2028,-2443
3013,360,2796,3502,3502,2028,-2436
3014,360,2796,3502,3502,2028,-2436
3015,360,2800,3502,3502,2028,-2440
3016,360,2805,3502,3502,2028,-2445
3017,360,2810,3502,3502,2028,-2450
3018,360,2817,3502,3502,2028,-2457
3019,360,2824,3502,3502,2028,-2464
3020,360,2833,3502,3502,2028,-2473
3021,360,2845,3502,3502,2028,-2485
3022,360,2855,3502,3502,2028,-2495
3023,360,2855,3502,3502,2028,-2495
3024,360,2867,3502,3502,2028,-2507
3025,360,2881,3502,3502,2028,-2521
3026,360,2895,3502,3502,2028,-2535
3027,360,2912,3502,3502,2028,-2552
3028,360,2930,3502,3502,2028,-2570
3029,360,2948,3502,3502,2028,-2588
3030,360,2966,3502,3502,2028,-2606
3031,360,2988,3502,3502,2028,-2628
3032,360,2988,3502,3502,2028,-2628
3033,360,3012,3502,3502,2028,-2652
3034,360,3037,3502,3502,2028,-2677
3035,360,3064,3502,3502,2028,-2704
3036,360,3092,3502,3502,2028,-2732
3037,360,3121,2028,2028,3502,-2761
3038,360,3150,2028,2028,3502,-2790
3039,360,3185,2028,2028,3502,-2825
3040,360,3222,2028,2028,3502,-2862
3041,360,3222,3502,3502,2028,-2862
3042,360,3253,2028,2028,3502,-2893
3043,360,3280,2028,2028,3502,-2920
3044,360,3310,2028,2028,3502,-2950
3045,360,3346,2028,2028,3502,-2986
3046,360,3381,2028,2028,3502,-3021
3047,360,3409,2028,2028,3502,-3049
3048,360,3436,2028,2028,3502,-3076
3049,360,3468,2028,2028,3502,-3108
3050,360,3496,2028,2028,3502,-3136
3051,360,3496,3502,3502,2028,-3136
3052,360,3524,2028,2028,3502,-3164
3053,360,3549,2028,2028,3502,-3189
3054,360,3577,2028,2028,3502,-3217
3055,360,6,2028,2028,3502,354
3056,360,28,2028,2028,3502,332
3057,360,46,2028,2028,3502,314
3058,360,66,2028,2028,3502,294
3059,360,66,3502,3502,2028,294
3060,360,86,2028,2028,3502,274
3061,360,102,2028,2028,3502,258
3062,360,119,2028,2028,3502,241
3063,360,136,2028,2028,3502,224
3064,360,149,2028,2028,3502,211
3065,360,163,2028,2028,3502,197
3066,360,177,2028,2028,3502,183
3067,360,187,2028,2028,3502,173
3068,360,187,3502,3502,2028,173
3069,360,198,2028,2028,3502,162
3070,360,205,2028,2028,3502,155
3071,360,211,2028,2028,3502,149
3072,360,218,2028,2028,3502,142
3073,360,221,3502,3502,2028,139
3074,360,224,3502,3502,2028,136
3075,360,225,3502,3502,2028,135
3076,360,225,3502,3502,2028,135
3077,360,226,3502,3502,2028,134
3078,360,226,3502,3502,2028,134
3079,360,225,3502,3502,2028,135
3080,360,224,3502,3502,2028,136
3081,360,224,3502,3502,2028,136
3082,360,225,3502,3502,2028,135
3083,360,227,3502,3502,2028,133
3084,360,228,3502,3502,2028,132
3085,360,228,3502,3502,2028,132
3086,360,231,3502,3502,2028,129
3087,360,238,2028,2028,3502,122
3088,360,244,2028,2028,3502,116
3089,360,249,2028,2028,3502,111
3090,360,255,2028,2028,3502,105
3091,360,264,2028,2028,3502,96
3092,360,273,2028,2028,3502,87
3093,360,273,3502,3502,2028,87
3094,360,280,2028,2028,3502,80
3095,360,290,2028,2028,3502,70
3096,360,301,2028,2028,3502,59
3097,360,310,2028,2028,3502,50
3098,360,318,2028,2028,3502,42
3099,360,326,2028,2028,3502,34
3100,360,334,2028,2028,3502,26
3102,360,343,3502,3502,2028,17
3103,360,350,2028,2028,3502,10
3105,360,360,2028,2028,3502,0
3105,360,370,2028,2028,3502,-10
3105,360,385,2028,2028,3502,-25
3106,360,377,2028,2028,3502,-17
3108,360,394,2028,2028,3502,-34
3109,360,343,2028,2028,3502,17
3109,360,403,2028,2028,3502,-43
3111,360,403,2028,2028,3502,-43
3111,360,411,2028,2028,3502,-51
3111,360,427,2028,2028,3502,-67
3112,360,418,2028,2028,3502,-58
3114,360,435,2028,2028,3502,-75
3115,360,441,2028,2028,3502,-81
3117,360,449,2028,2028,3502,-89
3117,360,457,2028,2028,3502,-97
3118,360,463,2028,2028,3502,-103
3120,360,468,2028,2028,3502,-108
3121,360,473,2028,2028,3502,-113
3121,360,481,2028,2028,3502,-121
3122,360,477,2028,2028,3502,-117
3123,360,482,2028,2028,3502,-122
3124,360,484,2028,2028,3502,-124
3126,360,481,2028,2028,3502,-121
3127,360,481,2028,2028,3502,-121
3129,360,475,2028,2028,3502,-115
3130,360,472,2028,2028,3502,-112
3132,360,457,3502,3502,2028,-97
3133,360,448,3502,3502,2028,-88
3134,360,439,3502,3502,2028,-79
3135,360,439,2028,2028,3502,-79
3136,360,427,3502,3502,2028,-67
3137,360,416,3502,3502,2028,-56
3138,360,403,3502,3502,2028,-43
3139,360,465,3502,3502,2028,-105
3139,360,387,3502,3502,2028,-27
3140,360,375,3502,3502,2028,-15
3141,360,361,3502,3502,2028,-1
3142,360,346,3502,3502,2028,14
3143,360,333,3502,3502,2028,27
3144,360,333,3502,3502,2028,27
3145,360,319,3502,3502,2028,41
3146,360,305,3502,3502,2028,55
3147,360,291,3502,3502,2028,69
3148,360,279,3502,3502,2028,81
3149,360,265,3502,3502,2028,95
3150,360,250,3502,3502,2028,110
3151,360,235,3502,3502,2028,125
3152,360,235,3502,3502,2028,125
3153,360,223,3502,3502,2028,137
3154,360,211,3502,3502,2028,149
3155,360,198,3502,3502,2028,162
3156,360,187,3502,3502,2028,173
3157,360,178,3502,3502,2028,182
3158,360,172,3502,3502,2028,188
3159,360,167,3502,3502,2028,193
3160,360,161,3502,3502,2028,199
3161,360,161,3502,3502,2028,199
3162,360,156,3502,3502,2028,204
3163,360,154,3502,3502,2028,206
3164,360,154,3502,3502,2028,206
3165,360,154,3502,3502,2028,206
3166,360,154,3502,3502,2028,206
3167,360,157,3502,3502,2028,203
3168,360,161,3502,3502,2028,199
3169,360,161,3502,3502,2028,199
3170,360,166,3502,3502,2028,194
3171,360,173,2028,2028,3502,187
3172,360,179,3502,3502,2028,181
3173,360,188,2028,2028,3502,172
3174,360,199,2028,2028,3502,161
3175,360,209,2028,2028,3502,151
3176,360,222,2028,2028,3502,138
3177,360,234,2028,2028,3502,126
3178,360,234,3502,3502,2028,126
3179,360,245,2028,2028,3502,115
3180,360,261,2028,2028,3502,99
3181,360,273,2028,2028,3502,87
3183,360,282,2028,2028,3502,78
3183,360,294,2028,2028,3502,66
3184,360,309,2028,2028,3502,51
3185,360,321,2028,2028,3502,39
3186,360,321,3502,3502,2028,39
3187,360,333,2028,2028,3502,27
3188,360,348,2028,2028,3502,12
3189,360,360,2028,2028,3502,0
3190,360,371,2028,2028,3502,-11
3191,360,385,2028,2028,3502,-25
3192,360,399,2028,2028,3502,-39
3193,360,411,2028,2028,3502,-51
3195,360,422,2028,2028,3502,-62
3195,360,422,2028,2028,3502,-62
3196,360,435,2028,2028,3502,-75
3197,360,448,2028,2028,3502,-88
3198,360,458,2028,2028,3502,-98
3199,360,470,2028,2028,3502,-110
3200,360,483,2028,2028,3502,-123
3201,360,494,2028,2028,3502,-134
3202,360,505,2028,2028,3502,-145
3203,360,505,2028,2028,3502,-145
3204,360,515,2028,2028,3502,-155
3205,360,525,2028,2028,3502,-165
3206,360,532,2028,2028,3502,-172
3207,360,539,2028,2028,3502,-179
3208,360,547,2028,2028,3502,-187
3209,360,553,2028,2028,3502,-193
3210,360,555,2028,2028,3502,-195
3211,360,557,2028,2028,3502,-197
3212,360,557,2028,2028,3502,-197
3213,360,559,2028,2028,3502,-199
3214,360,558,2028,2028,3502,-198
3215,360,554,2028,2028,3502,-194
3216,360,551,2028,2028,3502,-191
3217,360,546,2028,2028,3502,-186
3218,360,539,3502,3502,2028,-179
3219,360,532,3502,3502,2028,-172
3220,360,532,2028,2028,3502,-172
3221,360,522,3502,3502,2028,-162
3222,360,514,3502,3502,2028,-154
3223,360,502,3502,3502,2028,-142
3224,360,487,3502,3502,2028,-127
3225,360,473,3502,3502,2028,-113
3226,360,460,3502,3502,2028,-100
3227,360,448,3502,3502,2028,-88
3228,360,433,3502,3502,2028,-73
3229,360,433,2028,2028,3502,-73
3230,360,418,3502,3502,2028,-58
3231,360,406,3502,3502,2028,-46
3232,360,392,3502,3502,2028,-32
3233,360,375,3502,3502,2028,-15
3234,360,359,3502,3502,2028,1
3235,360,344,3502,3502,2028,16
3236,360,330,3502,3502,2028,30
3237,360,330,3502,3502,2028,30
3238,360,316,3502,3502,2028,44
3239,360,299,3502,3502,2028,61
3240,360,287,3502,3502,2028,73
3241,360,274,3502,3502,2028,86
3242,360,258,3502,3502,2028,102
3243,360,245,3502,3502,2028,115
3244,360,230,3502,3502,2028,130
3245,360,217,3502,3502,2028,143
3246,360,217,3502,3502,2028,143
3247,360,205,3502,3502,2028,155
3248,360,192,3502,3502,2028,168
3249,360,181,3502,3502,2028,179
3250,360,173,3502,3502,2028,187
3251,360,165,3502,3502,2028,195
3252,360,157,3502,3502,2028,203
3253,360,152,3502,3502,2028,208
3254,360,152,3502,3502,2028,208
3255,360,149,3502,3502,2028,211
3256,360,145,3502,3502,2028,215
3257,360,144,3502,3502,2028,216
3258,360,144,3502,3502,2028,216
3259,360,143,3502,3502,2028,217
3260,360,146,3502,3502,2028,214
3261,360,150,3502,3502,2028,210
3262,360,153,3502,3502,2028,207
3263,360,153,3502,3502,2028,207
3264,360,160,2028,2028,3502,200
3265,360,167,2028,2028,3502,193
3266,360,174,2028,2028,3502,186
3267,360,184,2028,2028,3502,176
3268,360,196,2028,2028,3502,164
3269,360,206,2028,2028,3502,154
3270,360,217,2028,2028,3502,143
3271,360,217,3502,3502,2028,143
3272,360,226,2028,2028,3502,134
3273,360,237,2028,2028,3502,123
3274,360,248,2028,2028,3502,112
3275,360,257,2028,2028,3502,103
3276,360,269,2028,2028,3502,91
3277,360,280,2028,2028,3502,80
3278,360,290,2028,2028,3502,70
3279,360,302,2028,2028,3502,58
3280,360,302,3502,3502,2028,58
3281,360,314,2028,2028,3502,46
3282,360,323,2028,2028,3502,37
3283,360,334,2028,2028,3502,26
3284,360,344,2028,2028,3502,16
3285,360,352,2028,2028,3502,8
3286,360,363,2028,2028,3502,-3
3287,360,374,2028,2028,3502,-14
3288,360,374,2028,2028,3502,-14
3289,360,381,2028,2028,3502,-21
3290,360,392,2028,2028,3502,-32
3291,360,403,2028,2028,3502,-43
3292,360,412,2028,2028,3502,-52
3293,360,421,2028,2028,3502,-61
3294,360,431,2028,2028,3502,-71
3295,360,441,2028,2028,3502,-81
3296,360,450,2028,2028,3502,-90
3297,360,450,2028,2028,3502,-90
3298,360,458,2028,2028,3502,-98
3299,360,464,2028,2028,3502,-104
3300,360,470,2028,2028,3502,-110
3301,360,474,2028,2028,3502,-114
3302,360,477,2028,2028,3502,-117
3303,360,480,2028,2028,3502,-120
3304,360,482,2028,2028,3502,-122
3305,360,482,2028,2028,3502,-122
3306,360,481,2028,2028,3502,-121
3307,360,480,2028,2028,3502,-120
3308,360,477,2028,2028,3502,-117
3309,360,472,3502,3502,2028,-112
3310,360,466,3502,3502,2028,-106
3311,360,458,3502,3502,2028,-98
3312,360,449,3502,3502,2028,-89
3313,360,439,3502,3502,2028,-79
3314,360,439,2028,2028,3502,-79
3315,360,428,3502,3502,2028,-68
3316,360,418,3502,3502,2028,-58
3317,360,405,3502,3502,2028,-45
3318,360,392,3502,3502,2028,-32
3319,360,381,3502,3502,2028,-21
3320,360,370,3502,3502,2028,-10
3321,360,356,3502,3502,2028,4
3322,360,356,3502,3502,2028,4
3323,360,343,3502,3502,2028,17
3324,360,329,3502,3502,2028,31
3325,360,317,3502,3502,2028,43
3326,360,306,3502,3502,2028,54
3327,360,290,3502,3502,2028,70
3328,360,277,3502,3502,2028,83
3329,360,265,3502,3502,2028,95
3330,360,510,2028,2028,3502,-150
3331,360,254,3502,3502,2028,106
3332,360,243,3502,3502,2028,117
3333,360,233,3502,3502,2028,127
3334,360,223,3502,3502,2028,137
3335,360,213,3502,3502,2028,147
3336,360,203,3502,3502,2028,157
3337,360,195,3502,3502,2028,165
3338,360,189,3502,3502,2028,171
3339,360,189,3502,3502,2028,171
3340,360,183,3502,3502,2028,177
3341,360,178,3502,3502,2028,182
3342,360,175,3502,3502,2028,185
3343,360,176,3502,3502,2028,184
3344,360,175,3502,3502,2028,185
3345,360,174,3502,3502,2028,186
3346,360,177,3502,3502,2028,183
3347,360,177,3502,3502,2028,183
3348,360,181,3502,3502,2028,179
3349,360,186,3502,3502,2028,174
3350,360,192,2028,2028,3502,168
3351,360,197,3502,3502,2028,163
3352,360,204,2028,2028,3502,156
3353,360,214,2028,2028,3502,146
3354,360,226,2028,2028,3502,134
3355,360,237,2028,2028,3502,123
3356,360,237,3502,3502,2028,123
3357,360,247,2028,2028,3502,113
3358,360,259,2028,2028,3502,101
3359,360,271,2028,2028,3502,89
3360,360,283,2028,2028,3502,77
3361,360,295,2028,2028,3502,65
3362,360,308,2028,2028,3502,52
3363,360,319,2028,2028,3502,41
3364,360,319,3502,3502,2028,41
3365,360,332,2028,2028,3502,28
3366,360,344,2028,2028,3502,16
3367,360,355,2028,2028,3502,5
3368,360,369,2028,2028,3502,-9
3369,360,381,2028,2028,3502,-21
3370,360,393,2028,2028,3502,-33
3371,360,404,2028,2028,3502,-44
3372,360,416,2028,2028,3502,-56
3373,360,416,2028,2028,3502,-56
3374,360,427,2028,2028,3502,-67
3375,360,440,2028,2028,3502,-80
3376,360,452,2028,2028,3502,-92
3377,360,463,2028,2028,3502,-103
3378,360,476,2028,2028,3502,-116
3379,360,486,2028,2028,3502,-126
3380,360,495,2028,2028,3502,-135
3381,360,505,2028,2028,3502,-145
3382,360,505,2028,2028,3502,-145
3383,360,514,2028,2028,3502,-154
3384,360,521,2028,2028,3502,-161
3386,360,535,2028,2028,3502,-175
3387,360,541,2028,2028,3502,-181
3388,360,544,2028,2028,3502,-184
3389,360,544,2028,2028,3502,-184
3390,360,544,2028,2028,3502,-184
3391,360,541,2028,2028,3502,-181
3394,360,528,3502,3502,2028,-168
3395,360,516,3502,3502,2028,-156
3396,360,505,3502,3502,2028,-145
3397,360,493,3502,3502,2028,-133
3398,360,482,3502,3502,2028,-122
3399,360,482,2028,2028,3502,-122
3400,360,470,3502,3502,2028,-110
3401,360,459,3502,3502,2028,-99
3402,360,449,3502,3502,2028,-89
3403,360,441,3502,3502,2028,-81
3404,360,432,3502,3502,2028,-72
3405,360,418,3502,3502,2028,-58
3406,360,403,3502,3502,2028,-43
3407,360,403,2028,2028,3502,-43
3408,360,392,3502,3502,2028,-32
3409,360,385,3502,3502,2028,-25
3410,360,379,3502,3502,2028,-19
3411,360,370,3502,3502,2028,-10
3412,360,366,3502,3502,2028,-6
3413,360,362,3502,3502,2028,-2
3414,360,361,3502,3502,2028,-1
3415,360,361,2028,2028,3502,-1
3416,360,359,3502,3502,2028,1
3417,360,357,3502,3502,2028,3
3418,360,355,3502,3502,2028,5
3419,360,354,3502,3502,2028,6
3420,360,356,2028,2028,3502,4
3421,360,357,2028,2028,3502,3
3422,360,360,2028,2028,3502,0
3423,360,360,2765,2765,2765,0
3424,360,360,2765,2765,2765,0
3425,360,356,3502,3502,2028,4
3426,360,352,3502,3502,2028,8
3427,360,346,3502,3502,2028,14
3428,360,331,3502,3502,2028,29
3429,360,315,3502,3502,2028,45
3430,360,312,3502,3502,2028,48
3431,360,315,2028,2028,3502,45
3432,360,315,3502,3502,2028,45
3433,360,312,3502,3502,2028,48
3434,360,305,3502,3502,2028,55
3435,360,301,3502,3502,2028,59
3436,360,300,3502,3502,2028,60
3437,360,299,3502,3502,2028,61
3438,360,302,2028,2028,3502,58
3439,360,306,2028,2028,3502,54
3440,360,308,2028,2028,3502,52
3441,360,308,3502,3502,2028,52
3442,360,307,3502,3502,2028,53
3443,360,305,3502,3502,2028,55
3444,360,303,3502,3502,2028,57
3445,360,300,3502,3502,2028,60
3446,360,300,3502,3502,2028,60
3447,360,300,3502,3502,2028,60
3448,360,301,3502,3502,2028,59
3449,360,301,3502,3502,2028,59
3450,360,299,3502,3502,2028,61
3451,360,298,3502,3502,2028,62
3452,360,297,3502,3502,2028,63
3453,360,297,3502,3502,2028,63
3454,360,296,3502,3502,2028,64
3455,360,296,3502,3502,2028,64
3456,360,299,2028,2028,3502,61
3457,360,297,3502,3502,2028,63
3458,360,297,3502,3502,2028,63
3459,360,298,3502,3502,2028,62
3460,360,300,2765,2765,2765,60
3461,360,298,3502,3502,2028,62
3462,360,298,3502,3502,2028,62
3463,360,300,2765,2765,2765,60
3464,360,304,2028,2028,3502,56
3465,360,306,2028,2028,3502,54
3466,360,306,3502,3502,2028,54
3467,360,308,2028,2028,3502,52
